INSERT INTO whiskeys
(id, name, type, etc_detail, image_url, abv, age_years, status, region, country, cask, created_at, updated_at)
VALUES
    (1, 'Glenfiddich 12', 'single_malt', NULL, NULL, 40.00, 12, 'active', 'Speyside', 'Scotland', 'Bourbon Cask', NOW(6), NOW(6)),
    (2, 'Glenfiddich 15', 'single_malt', NULL, NULL, 40.00, 15, 'active', 'Speyside', 'Scotland', 'Sherry Cask', NOW(6), NOW(6)),
    (3, 'Macallan 12 Double Cask', 'single_malt', NULL, NULL, 40.00, 12, 'active', 'Speyside', 'Scotland', 'Sherry Oak Cask', NOW(6), NOW(6)),
    (4, 'Jameson Original', 'blended', NULL, NULL, 40.00, 0, 'active', 'Cork', 'Ireland', 'Bourbon and Sherry Cask', NOW(6), NOW(6)),
    (5, 'Maker''s Mark', 'bourbon', NULL, NULL, 45.00, 0, 'active', 'Kentucky', 'USA', 'New American Oak', NOW(6), NOW(6)),
    (6, 'Bulleit Rye', 'rye', NULL, NULL, 45.00, 0, 'active', 'Kentucky', 'USA', 'New American Oak', NOW(6), NOW(6)),
    (7, 'Yamazaki Distiller''s Reserve', 'single_malt', NULL, NULL, 43.00, 0, 'pending', 'Osaka', 'Japan', 'Mizunara and Wine Cask', NOW(6), NOW(6)),
    (8, 'Hibiki Japanese Harmony', 'blended', NULL, NULL, 43.00, 0, 'active', 'Osaka', 'Japan', 'Mixed Cask', NOW(6), NOW(6)),
    (9, 'Ardbeg 10', 'single_malt', NULL, NULL, 46.00, 10, 'active', 'Islay', 'Scotland', 'Ex-Bourbon Cask', NOW(6), NOW(6)),
    (10, 'Monkey Shoulder', 'blended', NULL, NULL, 40.00, 0, 'active', 'Speyside', 'Scotland', 'First-fill Bourbon Cask', NOW(6), NOW(6));

INSERT INTO tags
(id, category, name, display_order, image_url)
VALUES
    (1, 'nose', '시트러스', 1, NULL),
    (2, 'nose', '베리류', 2, NULL),
    (3, 'nose', '꽃향', 3, NULL),
    (4, 'nose', '허브향', 4, NULL),
    (5, 'nose', '곡물향', 5, NULL),
    (6, 'nose', '견과향', 6, NULL),
    (7, 'nose', '꿀향', 7, NULL),
    (8, 'nose', '바닐라향', 8, NULL),
    (9, 'nose', '캐러멜향', 9, NULL),
    (10, 'nose', '초콜릿향', 10, NULL),
    (11, 'nose', '커피향', 11, NULL),
    (12, 'nose', '후추향', 12, NULL),
    (13, 'nose', '계피향', 13, NULL),
    (14, 'nose', '정향', 14, NULL),
    (15, 'nose', '우디(나무, 오크)', 15, NULL),
    (16, 'nose', '가죽향', 16, NULL),
    (17, 'nose', '스모키', 17, NULL),
    (18, 'nose', '피트향', 18, NULL),
    (19, 'nose', '흙내음', 19, NULL),
    (20, 'nose', '약품향', 20, NULL),
    (101, 'taste', '시트러스', 1, NULL),
    (102, 'taste', '베리류', 2, NULL),
    (103, 'taste', '허브맛', 3, NULL),
    (104, 'taste', '곡물맛', 4, NULL),
    (105, 'taste', '견과류맛', 5, NULL),
    (106, 'taste', '꿀맛', 6, NULL),
    (107, 'taste', '바닐라맛', 7, NULL),
    (108, 'taste', '캐러멜맛', 8, NULL),
    (109, 'taste', '초콜릿맛', 9, NULL),
    (110, 'taste', '커피맛', 10, NULL),
    (111, 'taste', '우디(나무, 오크)', 11, NULL),
    (112, 'taste', '스모키', 12, NULL),
    (113, 'taste', '피트감', 13, NULL),
    (114, 'taste', '흙맛', 14, NULL),
    (115, 'taste', '짠맛', 15, NULL);

INSERT INTO whiskeys_note_cache
(id, whiskey_id, count, body_score, finish_score, smoky_score, spicy_score, sweet_score)
VALUES
    (1, 1, 24, 72, 70, 18, 22, 82),
    (2, 2, 18, 78, 76, 20, 28, 86),
    (3, 3, 20, 80, 82, 16, 24, 88),
    (4, 4, 14, 58, 54, 8, 18, 70),
    (5, 5, 16, 76, 68, 10, 24, 90),
    (6, 6, 12, 74, 72, 12, 82, 54),
    (7, 7, 10, 70, 74, 24, 26, 76),
    (8, 8, 15, 74, 78, 18, 20, 84),
    (9, 9, 22, 86, 88, 96, 46, 42),
    (10, 10, 17, 66, 62, 14, 20, 78);

INSERT INTO avg_whiskey_tags
(id, cache_id, tag_id, count)
VALUES
    (1, 1, 101, 14),
    (2, 1, 8, 11),
    (3, 1, 106, 10),
    (4, 1, 107, 9),
    (5, 1, 15, 6),
    (6, 2, 7, 9),
    (7, 2, 8, 8),
    (8, 2, 106, 7),
    (9, 2, 108, 7),
    (10, 2, 15, 5),
    (11, 3, 8, 10),
    (12, 3, 9, 9),
    (13, 3, 10, 8),
    (14, 3, 107, 8),
    (15, 3, 109, 7),
    (16, 4, 5, 8),
    (17, 4, 104, 7),
    (18, 4, 7, 6),
    (19, 4, 106, 6),
    (20, 4, 111, 4),
    (21, 5, 8, 10),
    (22, 5, 9, 10),
    (23, 5, 107, 9),
    (24, 5, 108, 9),
    (25, 5, 15, 7),
    (26, 6, 12, 9),
    (27, 6, 13, 8),
    (28, 6, 103, 7),
    (29, 6, 111, 6),
    (30, 6, 15, 6),
    (31, 7, 3, 6),
    (32, 7, 15, 7),
    (33, 7, 17, 5),
    (34, 7, 101, 6),
    (35, 7, 111, 5),
    (36, 8, 7, 8),
    (37, 8, 8, 7),
    (38, 8, 106, 8),
    (39, 8, 107, 7),
    (40, 8, 102, 5),
    (41, 9, 17, 14),
    (42, 9, 18, 13),
    (43, 9, 20, 8),
    (44, 9, 112, 12),
    (45, 9, 113, 11),
    (46, 10, 5, 8),
    (47, 10, 7, 7),
    (48, 10, 8, 6),
    (49, 10, 104, 7),
    (50, 10, 106, 6);
